name,url,category,language,region,state
Daily Thanthi,http://www.dailythanthi.com/,Various,Various,Nationwide,N/A
Dinakaran,http://www.dinakaran.com/,Various,Various,Nationwide,N/A
Dinamalar,http://www.dinamalar.com/,Various,Various,Nationwide,N/A
Dinamani,http://www.dinamani.com/,Various,Various,Nationwide,N/A
Maalai Malar,http://www.maalaimalar.com/,Regional,Tamil,Southern India,Tamil Nadu
Thinaboomi,http://www.thinaboomi.com/,Various,Various,Nationwide,N/A
Tamil Murasu,http://www.tamilmurasu.org/,Regional,Tamil,Southern India,Tamil Nadu
Theekkathir,http://theekkathir.in/,Regional,Tamil,Southern India,Tamil Nadu
The Hindu Tamil Daily,http://tamil.thehindu.com/,Various,Various,Nationwide,N/A
Viduthalai,http://www.viduthalai.in/,Regional,Tamil,Southern India,Tamil Nadu
Google news in Tamil,https://news.google.co.in/?edchanged=1&ned=ta_in&authuser=0,Regional,Tamil,Southern India,Tamil Nadu
OneIndia Tamil,http://tamil.oneindia.com/,Regional,Tamil,Southern India,Tamil Nadu
Webdunia Tamil,http://tamil.webdunia.com/,Regional,Tamil,Southern India,Tamil Nadu
Seithy.com,http://www.seithy.com/,Regional,Tamil,Southern India,Tamil Nadu
Tamil 24 News,http://tamil24news.com/,Regional,Tamil,Southern India,Tamil Nadu
Tamil Star,http://www.tamilstar.com/,Regional,Tamil,Southern India,Tamil Nadu
thoothuonline.com,http://www.thoothuonline.com/,Regional,Tamil,Southern India,Tamil Nadu
Tamil CNN,http://www.tamilcnn.org/,Regional,Tamil,Southern India,Tamil Nadu
Tamilsigaram.com,http://www.tamilsigaram.com/,Regional,Tamil,Southern India,Tamil Nadu
NTamil.com,http://www.ntamil.com/,Regional,Tamil,Southern India,Tamil Nadu
BBC News Tamil,http://www.bbc.com/tamil,Regional,Tamil,Southern India,Tamil Nadu
China Radio Tamil,http://tamil.cri.cn/,Regional,Tamil,Southern India,Tamil Nadu
Paris Tamil,http://www.paristamil.com/,Regional,Tamil,Southern India,Tamil Nadu
Tamil Murasu – Singapore,http://www.tamilmurasu.com.sg/,Regional,Tamil,Southern India,Tamil Nadu
Tamil Guardian,http://www.tamilguardian.com/,Regional,Tamil,Southern India,Tamil Nadu
Virakesari,http://www.virakesari.lk/,Regional,Tamil,Southern India,Tamil Nadu
Tamil.com,http://www.tamil.com/,Regional,Tamil,Southern India,Tamil Nadu
Vanakkam London,http://www.vanakkamlondon.com/,Regional,Tamil,Southern India,Tamil Nadu
Dinasudar,http://www.dinasudar.co.in/,Regional,Tamil,Southern India,Tamil Nadu
Kathiravan.com,http://kathiravan.com/,Regional,Tamil,Southern India,Tamil Nadu
Koodal.Com,http://www.koodal.com/,Regional,Tamil,Southern India,Tamil Nadu
Malai Murasu,http://www.malaimurasu.in/,Regional,Tamil,Southern India,Tamil Nadu
Maalaisudar,http://www.maalaisudar.com/,Regional,Tamil,Southern India,Tamil Nadu
TamilDaily.com,http://www.tamildaily.com/,Regional,Tamil,Southern India,Tamil Nadu
Inneram,http://www.inneram.com/,Regional,Tamil,Southern India,Tamil Nadu
Makkal Kural,http://makkalkural.net/news/,Regional,Tamil,Southern India,Tamil Nadu
TTN News,http://ttnnews.com/,Regional,Tamil,Southern India,Tamil Nadu
2Tamil.com,http://www.2tamil.com/,Regional,Tamil,Southern India,Tamil Nadu
4tamilmedia.com,http://www.4tamilmedia.com/,Regional,Tamil,Southern India,Tamil Nadu
Pathivu,http://www.pathivu.com/,Regional,Tamil,Southern India,Tamil Nadu
Tamilnadu Today,http://www.tamilnadutoday.com/,Regional,Tamil,Southern India,Tamil Nadu
inioru.com,http://inioru.com/,Regional,Tamil,Southern India,Tamil Nadu
Puthinappalakai.com,http://www.puthinappalakai.com/,Regional,Tamil,Southern India,Tamil Nadu
yarl.com,http://www.yarl.com/,Regional,Tamil,Southern India,Tamil Nadu
Puthinam News,http://www.puthinamnews.com/,Regional,Tamil,Southern India,Tamil Nadu
TELOnews.com,http://www.telonews.com/,Regional,Tamil,Southern India,Tamil Nadu
TamilWin.com,http://www.newstamilwin.com/,Regional,Tamil,Southern India,Tamil Nadu
Tharavu.com,http://www.tharavu.com/,Regional,Tamil,Southern India,Tamil Nadu
Ponguthamil.com,http://www.ponguthamil.com/,Regional,Tamil,Southern India,Tamil Nadu
Eeladhesam News,http://eeladhesam.com/,Regional,Tamil,Southern India,Tamil Nadu
Thinakkathir.com,http://thinakkathir.com/,Regional,Tamil,Southern India,Tamil Nadu
athirvu.com,http://www.athirvu.com/,Regional,Tamil,Southern India,Tamil Nadu
Tamil Leader,http://tamilleader.org/,Regional,Tamil,Southern India,Tamil Nadu
Tamil Mithran,http://www.tamilmithran.com/,Regional,Tamil,Southern India,Tamil Nadu
Chennai Today News,http://www.chennaitodaynews.com/,Regional,Tamil,Southern India,Tamil Nadu
Chennai Online (Tamil),http://www.chennaionline.com/tamil,Regional,Tamil,Southern India,Tamil Nadu
news.coimbatoreonline.in,http://news.coimbatoreonline.in/Tamil,Regional,Tamil,Southern India,Tamil Nadu
Thinnai,http://puthu.thinnai.com/,Regional,Tamil,Southern India,Tamil Nadu
JVP News,http://www.jvpnews.com/,Regional,Tamil,Southern India,Tamil Nadu
Sumanasa Tamil News,http://www.sumanasa.com/tamilnews/,Regional,Tamil,Southern India,Tamil Nadu
Day Tamil,http://www.daytamil.com/,Regional,Tamil,Southern India,Tamil Nadu
Tamil GoodReturns,http://tamil.goodreturns.in/,Regional,Tamil,Southern India,Tamil Nadu
Sun News Live,http://www.sunnewslive.in/,Regional,Tamil,Southern India,Tamil Nadu
Samayam Tamil,http://tamil.samayam.com/,Regional,Tamil,Southern India,Tamil Nadu
Live Day,http://liveday.in/,Regional,Tamil,Southern India,Tamil Nadu
Tamilkurinji,http://tamilkurinji.com/,Regional,Tamil,Southern India,Tamil Nadu
Vivegam News,http://www.vivegamnews.com/,Various,Various,Nationwide,N/A
Universal Tamil,http://universaltamil.com/,Regional,Tamil,Southern India,Tamil Nadu
Gold Tamil,http://goldtamil.com/,Regional,Tamil,Southern India,Tamil Nadu
IN4NET,http://in4net.com/,Regional,Tamil,Southern India,Tamil Nadu
Global Tamil News,http://globaltamilnews.net/,Regional,Tamil,Southern India,Tamil Nadu
Canada Uthayan,http://canadauthayan.ca/,Regional,Tamil,Southern India,Tamil Nadu
Tamil Australian,http://www.tamilaustralian.com.au/news/,Regional,Tamil,Southern India,Tamil Nadu
BOW,http://www.bulletinofworld.com,Regional,Tamil,Southern India,Tamil Nadu
Edit links,https://www.wikidata.org/wiki/Special:EntityPage/Q1433703#sitelinks-wikipedia,Various,Various,Nationwide,N/A
Wikidata item,https://www.wikidata.org/wiki/Special:EntityPage/Q1433703,Various,Various,Nationwide,N/A
Wikimedia Commons,https://commons.wikimedia.org/wiki/Category:Newspapers_of_India,Various,Various,Nationwide,N/A
"""Twenty decades of Mumbai Samachar""",https://www.printweek.in/News/twenty-decades-of-mumbai-samachar-41881,Various,Various,Nationwide,N/A
Press in India,https://books.google.com/books?id=ne85AAAAMAAJ,Various,Various,Nationwide,N/A
Indian All Newspapers and Media List,https://allmedialink.com/india/,Various,Various,Nationwide,N/A
The Indian Media Business,https://books.google.com/books?id=1C4nAgAAQBAJ,Various,Various,Nationwide,N/A
The Press in India 2017-18,http://rni.nic.in/all_page/pin201718.htm,Various,Various,Nationwide,N/A
Privacy policy,https://foundation.wikimedia.org/wiki/Special:MyLanguage/Policy:Privacy_policy,Various,Various,Nationwide,N/A
Code of Conduct,https://foundation.wikimedia.org/wiki/Special:MyLanguage/Policy:Universal_Code_of_Conduct,Various,Various,Nationwide,N/A
Developers,https://developer.wikimedia.org,Various,Various,Nationwide,N/A
Cookie statement,https://foundation.wikimedia.org/wiki/Special:MyLanguage/Policy:Cookie_statement,Various,Various,Nationwide,N/A
,https://wikimediafoundation.org/,Various,Various,Nationwide,N/A
,https://www.mediawiki.org,Various,Various,Nationwide,N/A
Facebook,https://www.facebook.com/4-International-Media-Newspapers-322678317875671/,Various,Various,Nationwide,N/A
4 International Media & Newspapers,http://www.4imn.com/,Various,Various,Nationwide,N/A
,http://twitter.com/4imncom,Various,Various,Nationwide,N/A
,https://www.4imn.com/about/search.htm,Various,Various,Nationwide,N/A
Asia,http://www.4imn.com/Asia/,Various,Various,Nationwide,N/A
,http://www.4imn.com/in/,Various,Various,Nationwide,N/A
Link to us,https://www.4imn.com/about/linktous.htm,Various,Various,Nationwide,N/A
,https://www.4imn.com/about/add.htm,Various,Various,Nationwide,N/A
Twitter,https://twitter.com/4imncom,Various,Various,Nationwide,N/A
About us,https://www.4imn.com/about/,Various,Various,Nationwide,N/A
,https://www.w3newspapers.com/,Various,Various,Nationwide,N/A
Assamese (অসমীয়া),https://www.w3newspapers.com/india/assamese/,Various,Various,Nationwide,N/A
Gujarat samachar,https://www.w3newspapers.com/india/gujarati/,Various,Various,Nationwide,N/A
Hindi news paper,https://www.w3newspapers.com/india/hindi/,Various,Various,Nationwide,N/A
हिन्दी,https://www.w3newspapers.com/india/हिन्दी-समाचारपत्रों-की-सूची/,Various,Various,Nationwide,N/A
Kannada news paper,https://www.w3newspapers.com/india/kannada/,Various,Various,Nationwide,N/A
Malayalam news paper,https://www.w3newspapers.com/india/malayalam/,Various,Various,Nationwide,N/A
Marathi (मराठी),https://www.w3newspapers.com/india/marathi/,Various,Various,Nationwide,N/A
Oriya (ଓଡ଼ିଆ),https://www.w3newspapers.com/india/oriya/,Various,Various,Nationwide,N/A
Punjabi (ਪੰਜਾਬੀ),https://www.w3newspapers.com/india/punjabi/,Various,Various,Nationwide,N/A
Tamil news,https://www.w3newspapers.com/india/tamil/,Various,Various,Nationwide,N/A
Telugu news papers,https://www.w3newspapers.com/india/telugu/,Various,Various,Nationwide,N/A
Urdu (اردو),https://www.w3newspapers.com/india/urdu/,Various,Various,Nationwide,N/A
Times of India (TOI),https://timesofindia.indiatimes.com/,Various,Various,Nationwide,N/A
Hindu,https://www.thehindu.com/,Various,Various,Nationwide,N/A
Hindustan Times (HT),https://www.hindustantimes.com/,Various,Various,Nationwide,N/A
Indian Express,https://indianexpress.com/,Various,Various,Nationwide,N/A
Pioneer,https://www.dailypioneer.com/,Various,Various,Nationwide,N/A
Deccan Herald,https://www.deccanherald.com/,Various,Various,Nationwide,N/A
Telegraph,https://www.telegraphindia.com/,Various,Various,Nationwide,N/A
Daily News and Analysis (DNA),https://www.dnaindia.com/,Various,Various,Nationwide,N/A
Deccan Chronicle,https://www.deccanchronicle.com/,Various,Various,Nationwide,N/A
Asian Age,https://www.asianage.com/,Various,Various,Nationwide,N/A
UK,https://www.w3newspapers.com/uk/,Various,Various,Nationwide,N/A
Economic Times,https://economictimes.indiatimes.com/,Various,Various,Nationwide,N/A
Business Standard,https://www.business-standard.com/,Various,Various,Nationwide,N/A
Financial Express,https://www.financialexpress.com/,Various,Various,Nationwide,N/A
New Indian Express,https://www.newindianexpress.com/,Various,Various,Nationwide,N/A
Mint,https://www.livemint.com/,Various,Various,Nationwide,N/A
Tribune,https://www.tribuneindia.com/,Various,Various,Nationwide,N/A
Pakistan,https://www.w3newspapers.com/pakistan/,Various,Various,Nationwide,N/A
Andaman Chronicle,https://www.andamanchronicle.net/,Various,Various,Nationwide,N/A
Andaman Sheekha,http://www.andamansheekha.com/,Various,Various,Nationwide,N/A
Orissa Post,https://www.orissapost.com/,Various,Various,Nationwide,N/A
Statesman,https://www.thestatesman.com/,Various,Various,Nationwide,N/A
Himalaya Darpan,http://epaperhimalayadarpan.com/,Various,Various,Nationwide,N/A
Nepali,https://www.w3newspapers.com/nepal/,Various,Various,Nationwide,N/A
Central Chronicle,https://www.centralchronicle.com/,Various,Various,Nationwide,N/A
Excelsior,https://www.dailyexcelsior.com/,Various,Various,Nationwide,N/A
Greater Kashmir,https://www.greaterkashmir.com/,Various,Various,Nationwide,N/A
Hitavada,https://www.thehitavada.com/,Various,Various,Nationwide,N/A
Daily Post,https://dailypost.in/,Various,Various,Nationwide,N/A
Kashmir Observer,https://kashmirobserver.net/,Various,Various,Nationwide,N/A
Kashmir Times,https://kashmirtimes.com/,Various,Various,Nationwide,N/A
State Times,https://statetimes.in/,Various,Various,Nationwide,N/A
Milli Gazette,https://www.milligazette.com/,Various,Various,Nationwide,N/A
Organiser,https://organiser.org/,Various,Various,Nationwide,N/A
People's Democracy,https://peoplesdemocracy.in/,Various,Various,Nationwide,N/A
Sunday Guardian,https://sundayguardianlive.com/,Various,Various,Nationwide,N/A
indian Horizon,http://indianhorizon.org/,Various,Various,Nationwide,N/A
Hawk,https://www.thehawk.in/,Various,Various,Nationwide,N/A
Tripura,https://www.w3newspapers.com/india/tripura/,Various,Various,Nationwide,N/A
Assam Tribune,https://assamtribune.com/,Various,Various,Nationwide,N/A
Shillong Times,https://theshillongtimes.com/,Various,Various,Nationwide,N/A
Morung Express,https://morungexpress.com/,Various,Various,Nationwide,N/A
Nagaland Post,https://nagalandpost.com/,Various,Various,Nationwide,N/A
Nagaland Page,https://nagalandpage.com/,Various,Various,Nationwide,N/A
The Sentinel,https://www.sentinelassam.com/,Various,Various,Nationwide,N/A
Sikkim Express,http://sikkimexpress.com/,Various,Various,Nationwide,N/A
Syandan Patrika,https://www.syandanpatrika.com/,Various,Various,Nationwide,N/A
bd news,https://www.w3newspapers.com/bangladesh/,Various,Various,Nationwide,N/A
North East Times,https://net.glpublications.in/,Various,Various,Nationwide,N/A
Times of Assam,https://www.timesofassam.com/,Various,Various,Nationwide,N/A
Bangalore Mirror,https://bangaloremirror.indiatimes.com/,Various,Various,Nationwide,N/A
Hindu Business Line,https://www.thehindubusinessline.com/,Various,Various,Nationwide,N/A
News Today,https://newstodaynet.com/,Various,Various,Nationwide,N/A
Star of Mysore,https://starofmysore.com/,Various,Various,Nationwide,N/A
Mangalore Today,https://www.mangaloretoday.com/,Various,Various,Nationwide,N/A
Hans India,https://www.thehansindia.com/,Various,Various,Nationwide,N/A
Ahmedabad Mirror,https://www.ahmedabadmirror.com/,Various,Various,Nationwide,N/A
Afternoon Voice,https://www.afternoonvoice.com/,Various,Various,Nationwide,N/A
Free Press Journal,https://www.freepressjournal.in/,Various,Various,Nationwide,N/A
Lokmat Times,http://epaperlokmat.in/lokmattimes/,Various,Various,Nationwide,N/A
Mid Day,https://www.mid-day.com/,Various,Various,Nationwide,N/A
Mumbai Mirror,https://mumbaimirror.indiatimes.com/,Various,Various,Nationwide,N/A
Navhind Times,https://www.navhindtimes.in/,Various,Various,Nationwide,N/A
Pune Mirror,https://punemirror.com/,Various,Various,Nationwide,N/A
Press Trust of India (PTI),https://www.ptinews.com/,Various,Various,Nationwide,N/A
Dainik Jagran,https://www.jagran.com/,Various,Various,Nationwide,N/A
Dainik Bhaskar,https://www.bhaskar.com/,Various,Various,Nationwide,N/A
Malayala Manorama,https://www.manoramaonline.com/,Various,Various,Nationwide,N/A
,https://www.w3newspapers.com/india/,Various,Various,Nationwide,N/A
Bangalore,https://www.w3newspapers.com/india/bangalore/,Various,Various,Nationwide,N/A
Bihar,https://www.w3newspapers.com/india/bihar/,Various,Various,Nationwide,N/A
Chennai,https://www.w3newspapers.com/india/chennai/,Various,Various,Nationwide,N/A
Delhi,https://www.w3newspapers.com/india/delhi/,Various,Various,Nationwide,N/A
Goa,https://www.w3newspapers.com/india/goa/,Various,Various,Nationwide,N/A
Jammu & Kashmir,https://www.w3newspapers.com/india/jammu-kashmir/,Various,Various,Nationwide,N/A
Kolkata,https://www.w3newspapers.com/india/kolkata/,Various,Various,Nationwide,N/A
Manipur,https://www.w3newspapers.com/india/manipur/,Various,Various,Nationwide,N/A
Mumbai,https://www.w3newspapers.com/india/mumbai/,Various,Various,Nationwide,N/A
Rajasthan,https://www.w3newspapers.com/india/rajasthan/,Various,Various,Nationwide,N/A
Indian TV Channels,https://www.w3newspapers.com/india/tvchannels/,Various,Various,Nationwide,N/A
Hindi,https://www.w3newspapers.com/india/hinditvchannels/,Various,Various,Nationwide,N/A
Malayalam,https://www.w3newspapers.com/india/malayalamtvchannels/,Various,Various,Nationwide,N/A
Marathi,https://www.w3newspapers.com/india/marathitvchannels/,Various,Various,Nationwide,N/A
Punjabi,https://www.w3newspapers.com/india/punjabitvchannels/,Various,Various,Nationwide,N/A
Tamil,https://www.w3newspapers.com/india/tamiltvchannels/,Various,Various,Nationwide,N/A
Telugu,https://www.w3newspapers.com/india/telugutvchannels/,Various,Various,Nationwide,N/A
Indian Embassies,https://embassies.info/india,Various,Various,Nationwide,N/A
Holidays in India,https://mostholidays.com/india,Various,Various,Nationwide,N/A
Indian Magazines,https://www.w3newspapers.com/india/magazines/,Various,Various,Nationwide,N/A
Share on Facebook,https://www.facebook.com/sharer.php?u=http://www.w3newspapers.com/india/,Various,Various,Nationwide,N/A
Twitter,https://twitter.com/share?url=http://www.w3newspapers.com/india/,Various,Various,Nationwide,N/A
Sinhala news,https://www.w3newspapers.com/srilanka/,Various,Various,Nationwide,N/A
Thai newspapers,https://www.w3newspapers.com/thailand/,Various,Various,Nationwide,N/A
Nigerian newspapers,https://www.w3newspapers.com/nigeria/,Various,Various,Nationwide,N/A
News sites,https://www.w3newspapers.com/newssites/,Various,Various,Nationwide,N/A
w3newspapers.com Home,https://www.w3newspapers.com,Various,Various,Nationwide,N/A
Contact us,https://www.w3newspapers.com/web/contact/,Various,Various,Nationwide,N/A
terms of use,https://www.w3newspapers.com/web/disclaimer/,Various,Various,Nationwide,N/A
Home,https://www.onlinenewspapers.com/,Various,Various,Nationwide,N/A
Africa,https://onlinenewspapers.com/africa-newspapers.shtml,Various,Various,Nationwide,N/A
Central Africa,https://onlinenewspapers.com/africa-newspapers.shtml#central-african,Various,Various,Nationwide,N/A
Eastern Africa,https://onlinenewspapers.com/africa-newspapers.shtml#eastern-african,Various,Various,Nationwide,N/A
Horn of Africa,https://onlinenewspapers.com/africa-newspapers.shtml#horn-of-africa,Various,Various,Nationwide,N/A
Northern Africa,https://onlinenewspapers.com/africa-newspapers.shtml#northern-african,Various,Various,Nationwide,N/A
Southern Africa,https://onlinenewspapers.com/africa-newspapers.shtml#southern-african,Various,Various,Nationwide,N/A
Western Africa,https://onlinenewspapers.com/africa-newspapers.shtml#western-african,Various,Various,Nationwide,N/A
Asia/Middle East,https://onlinenewspapers.com/asian-newspapers.shtml,Various,Various,Nationwide,N/A
Eastern Asia,https://onlinenewspapers.com/asian-newspapers.shtml#eastern-asia,Various,Various,Nationwide,N/A
Northern Asia,https://onlinenewspapers.com/asian-newspapers.shtml#northern-asia,Various,Various,Nationwide,N/A
South-Central Asia,https://onlinenewspapers.com/asian-newspapers.shtml#south-central-asia,Various,Various,Nationwide,N/A
South East Asia,https://onlinenewspapers.com/asian-newspapers.shtml#south-east-asia,Various,Various,Nationwide,N/A
Middle East,https://onlinenewspapers.com/asian-newspapers.shtml#middle-east,Various,Various,Nationwide,N/A
Europe,https://onlinenewspapers.com/european-newspapers.shtml,Various,Various,Nationwide,N/A
Eastern Europe,https://onlinenewspapers.com/european-newspapers.shtml#eastern-european,Various,Various,Nationwide,N/A
Northern Europe,https://onlinenewspapers.com/european-newspapers.shtml#northern-european,Various,Various,Nationwide,N/A
Southern Europe,https://onlinenewspapers.com/european-newspapers.shtml#southern-european,Various,Various,Nationwide,N/A
Western Europe,https://onlinenewspapers.com/european-newspapers.shtml#western-european,Various,Various,Nationwide,N/A
North America,https://onlinenewspapers.com/north-america-newspapers.shtml,Various,Various,Nationwide,N/A
USA,https://onlinenewspapers.com/north-america-newspapers.shtml#usa,Various,Various,Nationwide,N/A
By State,https://onlinenewspapers.com/usstate/usatable.shtml,Various,Various,Nationwide,N/A
Alphabetically,https://onlinenewspapers.com/usalpha/usaalpha.shtml,Various,Various,Nationwide,N/A
Spanish Language,https://onlinenewspapers.com/usstate/spanish-language-newspapers-usa.shtml,Various,Various,Nationwide,N/A
Canada,https://onlinenewspapers.com/north-america-newspapers.shtml#canada,Various,Various,Nationwide,N/A
By Province,https://onlinenewspapers.com/canada-province-newspapers.shtml,Various,Various,Nationwide,N/A
Alphabetically,https://onlinenewspapers.com/canada-a-l.shtml,Various,Various,Nationwide,N/A
Mexico,https://onlinenewspapers.com/north-america-newspapers.shtml#mexico,Various,Various,Nationwide,N/A
Caribbean,https://onlinenewspapers.com/north-america-newspapers.shtml#caribbean,Various,Various,Nationwide,N/A
Oceania,https://onlinenewspapers.com/oceania-newspapers.shtml,Various,Various,Nationwide,N/A
Australia/NZ,https://onlinenewspapers.com/oceania-newspapers.shtml#australia,Various,Various,Nationwide,N/A
Antarctica,https://onlinenewspapers.com/oceania-newspapers.shtml#antarctica,Various,Various,Nationwide,N/A
Melanesia,https://onlinenewspapers.com/oceania-newspapers.shtml#melanesia,Various,Various,Nationwide,N/A
Micronesia,https://onlinenewspapers.com/oceania-newspapers.shtml#micronesia,Various,Various,Nationwide,N/A
Polynesia,https://onlinenewspapers.com/oceania-newspapers.shtml#polynesia,Various,Various,Nationwide,N/A
South/Central America,https://onlinenewspapers.com/south-america-newspapers.shtml,Various,Various,Nationwide,N/A
Central America,https://onlinenewspapers.com/south-america-newspapers.shtml#central-american,Various,Various,Nationwide,N/A
South America,https://onlinenewspapers.com/south-america-newspapers.shtml#south-american,Various,Various,Nationwide,N/A
English Language,https://onlinenewspapers.com/english-language-newspapers.shtml,Various,Various,Nationwide,N/A
India,https://onlinenewspapers.com/english-language-newspapers-india.shtml,Various,Various,Nationwide,N/A
Middle East,https://onlinenewspapers.com/english-language-newspapers-middle-east.shtml,Various,Various,Nationwide,N/A
Pakistan,https://onlinenewspapers.com/english-language-newspapers-pakistan.shtml,Various,Various,Nationwide,N/A
Online Magazines,https://onlinenewspapers.com/magazines/index.shtml,Various,Various,Nationwide,N/A
Recent Additions,https://onlinenewspapers.com/most-recent-additions-to-onlinenewspapers.shtml,Various,Various,Nationwide,N/A
,https://onlinenewspapers.com/emailform/feedback.php,Various,Various,Nationwide,N/A
5abi,http://www.5abi.com/,Various,Various,Nationwide,N/A
5 Dariya News,http://www.5dariyanews.com/,Various,Various,Nationwide,N/A
6TV News,https://6tvnews.com/,Various,Various,Nationwide,N/A
Aaj Tak,http://www.aajtak.com/,Various,Various,Nationwide,N/A
Aamader Malda,http://www.aamadermalda.in/,Various,Various,Nationwide,N/A
AapKiAwaz.com,http://www.aapkiawaz.com/,Various,Various,Nationwide,N/A
ABCDePaper,http://www.abcdepaper.com/,Various,Various,Nationwide,N/A
ABC Live,http://abclive.in/,Various,Various,Nationwide,N/A
ABP Live,https://www.abplive.in/,Various,Various,Nationwide,N/A
Akanto Appan,http://www.liveaapnews.com/,Various,Various,Nationwide,N/A
Akila Daily,http://www.akilaindia.com/,Various,Various,Nationwide,N/A
Anandabazar,https://www.anandabazar.com/,Various,Various,Nationwide,N/A
Andhra Wishesh,http://www.andhrawishesh.com/,Various,Various,Nationwide,N/A
Abasar,http://www.abasar.net/,Various,Various,Nationwide,N/A
Abhitak News,http://www.abhitaknews.com/,Various,Various,Nationwide,N/A
Accommodation Times,http://www.accommodationtimes.com/,Various,Various,Nationwide,N/A
Agra News,http://www.agranews.com/,Various,Various,Nationwide,N/A
Agra Samachar,http://www.agrasamachar.com/,Various,Various,Nationwide,N/A
Ahmedabad Mirror,https://ahmedabadmirror.indiatimes.com/,Various,Various,Nationwide,N/A
Ajmernama,http://www.ajmernama.com/,Various,Various,Nationwide,N/A
Akhbarulhind,http://www.akhbarulhind.com/,Various,Various,Nationwide,N/A
Akila Daily,https://www.akilanews.com/,Various,Various,Nationwide,N/A
Amarujala.com,http://www.amarujala.com/,Various,Various,Nationwide,N/A
Anandabazar Patrika,http://www.anandabazar.com/,Various,Various,Nationwide,N/A
Andhra Bhoomi,http://www.andhrabhoomi.net/,Various,Various,Nationwide,N/A
Andhra Jyothy,http://www.andhrajyothy.com/,Various,Various,Nationwide,N/A
Anweshanam,http://www.anweshanam.com/,Various,Various,Nationwide,N/A
Aponzone,http://www.aponzonepatrika.com/,Various,Various,Nationwide,N/A
The Asian,http://www.asianage.com/,Various,Various,Nationwide,N/A
Asian Correspondent,http://asiancorrespondent.com/category/india/,Various,Various,Nationwide,N/A
Asli Azadi,http://www.azadidaily.com/,Various,Various,Nationwide,N/A
Assam Times,http://www.assamtimes.org/,Various,Various,Nationwide,N/A
The Assam Tribune,http://www.assamtribune.com/,Various,Various,Nationwide,N/A
Atal Hind (à¤à¤à¤² à¤¹à¤¿à¤¨à¥à¤¦),http://kaithal.haryanaonline.in/atalhind,Various,Various,Nationwide,N/A
Aurangabad Times Daily,https://aurangabadtimes.net/,Various,Various,Nationwide,N/A
Avadhnama,https://www.avadhnama.com/,Various,Various,Nationwide,N/A
Badlapur Vikas,http://www.badlapurvikas.com/ ,Various,Various,Nationwide,N/A
Bangla Kagaj,http://www.banglakagaj.com/,Various,Various,Nationwide,N/A
Bartaman Patrika,http://www.bartamanpatrika.com/,Various,Various,Nationwide,N/A
Baseerat Online,http://www.baseeratonline.com/,Various,Various,Nationwide,N/A
BBC Bengali,http://www.bbc.co.uk/bengali/,Various,Various,Nationwide,N/A
BBC Hindi,http://www.bbc.co.uk/hindi/,Various,Various,Nationwide,N/A
BBC Tamil,http://www.bbc.co.uk/tamil/,Various,Various,Nationwide,N/A
BD24Live,http://bd24live.com/,Various,Various,Nationwide,N/A
Beed Reporter,http://beedreporter.com/,Various,Various,Nationwide,N/A
The Better India,http://www.thebetterindia.com/,Various,Various,Nationwide,N/A
Bharat Khabar,http://www.bharatkhabar.com/,Various,Various,Nationwide,N/A
Bharat Prahari,https://bharatprahari.in/,Various,Various,Nationwide,N/A
Dainik Bhaskar,http://www.bhaskar.com/,Various,Various,Nationwide,N/A
Bhopal Samachar,http://www.bhopalsamachar.com/,Various,Various,Nationwide,N/A
Bihar Times,http://bihartimes.com/,Various,Various,Nationwide,N/A
BijoyNews24,http://www.bijoynews24.com/,Various,Various,Nationwide,N/A
Bilkul Online,http://www.bilkulonline.com/,Various,Various,Nationwide,N/A
BimaLoan,https://bimaloan.net/,Various,Various,Nationwide,N/A
Boolokam,http://www.boolokam.com/,Various,Various,Nationwide,N/A
Business Standard,http://www.business-standard.com/,Various,Various,Nationwide,N/A
The Capital Post,http://www.thecapitalpost.in/,Various,Various,Nationwide,N/A
Chauthi Duniya,http://urdu.chauthiduniya.com/,Various,Various,Nationwide,N/A
Cheekhti Awazen à¤à¥à¤à¤¤à¥ à¤à¤µà¤¾à¥à¥à¤,https://cheekhtiawazen.com/,Various,Various,Nationwide,N/A
Chitralekha,https://chitralekha.com/,Various,Various,Nationwide,N/A
Ciniglitz,https://ciniglitz.in/,Various,Various,Nationwide,N/A
Counterview,http://counterview.org/,Various,Various,Nationwide,N/A
Costatimes Telugu News Online,http://www.chitralekha.com/,Various,Various,Nationwide,N/A
The Covai Post,http://www.covaipost.com/,Various,Various,Nationwide,N/A
The Craze Venture,http://www.thecrazeventure.in/,Various,Various,Nationwide,N/A
Current Crime,http://www.currentcrime.com/,Various,Various,Nationwide,N/A
Daily Aftab,http://www.dailyaftab.com/,Various,Various,Nationwide,N/A
DailyExcelsior.com,http://www.dailyexcelsior.com/,Various,Various,Nationwide,N/A
Daily Hindi News,http://www.dailyhindinews.com/,Various,Various,Nationwide,N/A
Daily Janshakti,https://www.ejanshakti.com/,Various,Various,Nationwide,N/A
Daily Kesari,http://www.dailykesari.com/,Various,Various,Nationwide,N/A
Daily Lokmanthan,http://www.lokmanthan.com/,Various,Various,Nationwide,N/A
The Daily Milap,http://www.milap.com/,Various,Various,Nationwide,N/A
Daily News,http://www.dailynews360.com/,Various,Various,Nationwide,N/A
Daily News Activist,http://www.dailynewsactivist.com/,Various,Various,Nationwide,N/A
DNA,http://www.dnaindia.com/,Various,Various,Nationwide,N/A
Daily Punjab Times,http://www.dailypunjabtimes.com/,Various,Various,Nationwide,N/A
Daily Sada-E-Chanar,http://www.sadaechanar.com/,Various,Various,Nationwide,N/A
Daily Srinagar News,http://www.srinagarnews.org/,Various,Various,Nationwide,N/A
Dainik Aikya,http://www.dainikaikya.com/,Various,Various,Nationwide,N/A
Dainik Atal Hind,http://www.atalhind.com/,Various,Various,Nationwide,N/A
Dainik Chorcha,https://www.dainikchorcha.com/,Various,Various,Nationwide,N/A
Dainik Gomantak,https://www.dainikgomantak.com/,Various,Various,Nationwide,N/A
Jagran,http://www.jagran.com/,Various,Various,Nationwide,N/A
Dainik Jugasankha,http://www.dainikjugasankha.in/,Various,Various,Nationwide,N/A
Dainik Navajyoti,http://www.dainiknavajyoti.com/,Various,Various,Nationwide,N/A
Dainik Murder,http://www.dainikmurder.net/,Various,Various,Nationwide,N/A
Dainik Rashtriya Ujala,http://www.rashtriyaujala.com/,Various,Various,Nationwide,N/A
Dainik Sach Kahoon,https://www.sachkahoon.com/,Various,Various,Nationwide,N/A
Dainik Savera Times,http://www.dainiksavera.com/,Various,Various,Nationwide,N/A
Suprovat,http://www.suprovat.com/,Various,Various,Nationwide,N/A
Dakshin Bharat,http://www.dakshinbharat.com/,Various,Various,Nationwide,N/A
Dandakaranya Samachar,http://www.dandakaranyasamachar.com/,Various,Various,Nationwide,N/A
Danik Gwalior Sandesh,http://www.danikgwaliorsandesh.blogspot.com/,Various,Various,Nationwide,N/A
Dastak News,http://dastaknews.com/,Various,Various,Nationwide,N/A
The Day After,http://www.dayafterindia.com/,Various,Various,Nationwide,N/A
DD News,http://www.ddinews.gov.in/,Various,Various,Nationwide,N/A
Deccan Chronicle,http://www.deccanchronicle.com/,Various,Various,Nationwide,N/A
Deccan Herald,http://www.deccanherald.com/,Various,Various,Nationwide,N/A
Deepika,http://www.deepika.com/,Various,Various,Nationwide,N/A
Deepika Global,http://www.deepikaglobal.com/,Various,Various,Nationwide,N/A
Deshabhimani Daily,http://www.deshabhimani.com/,Various,Various,Nationwide,N/A
Deshbandhu,http://www.deshbandhu.co.in/,Various,Various,Nationwide,N/A
Deshdoot,http://www.deshdoot.com/,Various,Various,Nationwide,N/A
Deshonnati,http://deshonnati.digitaledition.in/,Various,Various,Nationwide,N/A
Dharitri,http://www.dharitri.com/ ,Various,Various,Nationwide,N/A
DID News,http://didnews.in/,Various,Various,Nationwide,N/A
Divya Bhaskar,http://www.divyabhaskar.co.in/,Various,Various,Nationwide,N/A
Divya Himachal,http://www.divyahimachal.com/,Various,Various,Nationwide,N/A
DLA,http://www.dlamedia.com/,Various,Various,Nationwide,N/A
Doaba Headlines,http://www.doabaheadlines.co.in/,Various,Various,Nationwide,N/A
DM News,https://www.mahademocrat.com/,Various,Various,Nationwide,N/A
Dopahar Metro,http://epaper.dopaharmetro.com/,Various,Various,Nationwide,N/A
Eastern Chronicle,http://www.easternchronicle.net/,Various,Various,Nationwide,N/A
Ebela,http://ebela.in/,Various,Various,Nationwide,N/A
The Economic Times,http://economictimes.indiatimes.com/,Various,Various,Nationwide,N/A
Eenadu,http://www.eenadu.net/,Various,Various,Nationwide,N/A
Lokmitra Daily,http://www.egujaratitimes.com/,Various,Various,Nationwide,N/A
Ei Samay,http://www.epaper.eisamay.com/,Various,Various,Nationwide,N/A
Ellenabad Times,https://timesofindia.indiatimes.com/topic/Ellenabad,Various,Various,Nationwide,N/A
Emalwa,http://www.emalwa.com/,Various,Various,Nationwide,N/A
Energy Bangla,http://www.energybangla.com/,Various,Various,Nationwide,N/A
Entevaartha,http://www.entevaartha.com/,Various,Various,Nationwide,N/A
E-Pao,http://www.e-pao.net/,Various,Various,Nationwide,N/A
Epilogue,http://www.epilogue.in/,Various,Various,Nationwide,N/A
The Etemaad Daily,http://www.etemaaddaily.com/,Various,Various,Nationwide,N/A
ExpressNews7,http://www.expressnews7.com/,Various,Various,Nationwide,N/A
The Financial Express,http://www.financialexpress.com/,Various,Various,Nationwide,N/A
Firstpost,http://www.firstpost.com/,Various,Various,Nationwide,N/A
The Free Press Journal,http://www.freepressjournal.in/,Various,Various,Nationwide,N/A
Ganashakti,http://www.ganashakti.com/,Various,Various,Nationwide,N/A
Garja Chhattisgarh,http://www.garjachhattisgarhnews.com/,Various,Various,Nationwide,N/A
Global Malayalam,https://www.globalmalayalam.com/,Various,Various,Nationwide,N/A
GoldTamil,http://www.goldtamil.com/,Various,Various,Nationwide,N/A
Greater Kashmir,http://www.greaterkashmir.com/,Various,Various,Nationwide,N/A
Gujarat Today Daily,http://www.gujarattoday.in/,Various,Various,Nationwide,N/A
Gujarati Jagran,https://www.gujaratijagran.com/,Various,Various,Nationwide,N/A
Gujarati Midday,https://www.gujaratimidday.com/news,Various,Various,Nationwide,N/A
Gujarati News6,https://gujaratinews6.in/ class=,Various,Various,Nationwide,N/A
Gujarat Samachar,http://www.gujaratsamachar.com/,Various,Various,Nationwide,N/A
Hamara Mahanagar,http://www.hamaramahanagar.in/,Various,Various,Nationwide,N/A
Hamara Samaj,http://hamarasamajdaily.com/,Various,Various,Nationwide,N/A
The Hamdam Daily,http://hamdamdaily.com/,Various,Various,Nationwide,N/A
Hamdard Weekly,http://www.hamdardweekly.com/,Various,Various,Nationwide,N/A
The Hans India,http://www.thehansindia.com/,Various,Various,Nationwide,N/A
Har Pal Online,http://www.harpalonline.com/,Various,Various,Nationwide,N/A
The Hawk,http://www.thehawkindia.com/,Various,Various,Nationwide,N/A
Hill Post,http://www.hillpost.in/,Various,Various,Nationwide,N/A
The Hill Times,https://www.thehillstimes.in/,Various,Various,Nationwide,N/A
Himachal Voice,https://www.himachalvoice.in/,Various,Various,Nationwide,N/A
Himtimes,http://www.himtimes.com/,Various,Various,Nationwide,N/A
HindFresh,https://www.hindfresh.com/,Various,Various,Nationwide,N/A
Hindistan,http://www.livehindustan.com/,Various,Various,Nationwide,N/A
Hindsamachar,http://www.hindsamachar.in/,Various,Various,Nationwide,N/A
The Hindu,http://www.thehindu.com/,Various,Various,Nationwide,N/A
Hindustan Lokshakti Ka Parcha,http://www.hindustanlokshakti.com/,Various,Various,Nationwide,N/A
The Hindustan Times,http://www.hindustantimes.com/,Various,Various,Nationwide,N/A
Husaini Times,https://www.husainitimes.com/,Various,Various,Nationwide,N/A
IdeaTvNews,http://ideatvnews.com/,Various,Various,Nationwide,N/A
India Abroad,http://indiaabroad.com/,Various,Various,Nationwide,N/A
India Gazette,http://www.indiagazette.com/,Various,Various,Nationwide,N/A
India Global Business,https://www.indiaglobalbusiness.com/,Various,Various,Nationwide,N/A
India Times,http://www.indiatimes.com/,Various,Various,Nationwide,N/A
The Indian Awaaz,http://www.theindianawaaz.com/,Various,Various,Nationwide,N/A
Indian Express,http://www.indianexpress.com/,Various,Various,Nationwide,N/A
The Indian Hawk,https://www.theindianhawk.com/,Various,Various,Nationwide,N/A
Indian Muslim Observer,http://www.indianmuslimobserver.com/,Various,Various,Nationwide,N/A
INext,http://www.inext.co.in/,Various,Various,Nationwide,N/A
Inquilab,http://www.inquilab.com/,Various,Various,Nationwide,N/A
International Business Times,http://www.ibtimes.co.in/,Various,Various,Nationwide,N/A
Irinjalakuda.com,http://irinjalakuda.com/,Various,Various,Nationwide,N/A
Irinjalakuda Live,http://www.irinjalakudalive.com/category/news/,Various,Various,Nationwide,N/A
Isma Times,http://www.ismatimes.com/,Various,Various,Nationwide,N/A
Jaihind Daily,http://www.jaihinddaily.com/,Various,Various,Nationwide,N/A
Jagbani,http://www.jagbani.in/ ,Various,Various,Nationwide,N/A
Jagruk Times,http://www.jagruktimes.co.in/,Various,Various,Nationwide,N/A
Janadesh.in,http://www.janadesh.in/,Various,Various,Nationwide,N/A
Janatha Vani,http://www.janathavani.com/,Various,Various,Nationwide,N/A
Jankaal Sandesh,http://www.jankaalsandesh.com/,Various,Various,Nationwide,N/A
Janmat Patrika,http://www.janmatpatrika.com/,Various,Various,Nationwide,N/A
Jansatta,http://www.jansatta.com/,Various,Various,Nationwide,N/A
JanaswarthaBarta,https://www.facebook.com/JANASWARTHABARTA/,Various,Various,Nationwide,N/A
Jara Suniye,https://www.jarasuniye.com/,Various,Various,Nationwide,N/A
The Jas News,https://www.thejasnews.com/,Various,Various,Nationwide,N/A
Kalki Weekly,http://www.kalkiweekly.com/,Various,Various,Nationwide,N/A
Kangla Online,http://www.kanglaonline.com/,Various,Various,Nationwide,N/A
Kannada Prabha,http://www.kannadaprabha.com/,Various,Various,Nationwide,N/A
Karmakshetra,http://www.ekarmakshetra.com/,Various,Various,Nationwide,N/A
Karnataka News,http://www.udayavani.com/Kannada,Various,Various,Nationwide,N/A
Kasaragod.com,http://www.kasaragod.com/,Various,Various,Nationwide,N/A
Kasaragodvartha,http://www.kasargodvartha.com/,Various,Various,Nationwide,N/A
Kashmir Times,http://www.kashmirtimes.com/,Various,Various,Nationwide,N/A
Kaumudi Online,http://www.kaumudi.com/,Various,Various,Nationwide,N/A
Kerala Kaumudi,http://www.keralakaumudi.com/,Various,Various,Nationwide,N/A
Kerala Online News,http://www.keralaonline.com/,Various,Various,Nationwide,N/A
KhabarExpress.com,http://www.khabarexpress.com/,Various,Various,Nationwide,N/A
Khabro Ki Dunia,http://www.khabrokidunia.com/,Various,Various,Nationwide,N/A
Khaleej Times,http://www.khaleejtimes.com/,Various,Various,Nationwide,N/A
Khapar Harpal,http://www.khabarharpal.in/,Various,Various,Nationwide,N/A
Khas Khabar,http://www.khaskhabar.com/,Various,Various,Nationwide,N/A
Kolkata Today,https://kolkatatoday.com/,Various,Various,Nationwide,N/A
Koshur Akhbar,http://www.koshurakhbar.net/,Various,Various,Nationwide,N/A
KutchUday,http://www.kutchuday.in/,Various,Various,Nationwide,N/A
Kumudam,http://www.kumudam.com/,Various,Various,Nationwide,N/A
My Kerala News.com,http://mykeralanews.com/,Various,Various,Nationwide,N/A
League of India,http://leagueofindia.com/,Various,Various,Nationwide,N/A
Legend News,http://www.legendnews.in/,Various,Various,Nationwide,N/A
Lenden News,https://lendennews.com/,Various,Various,Nationwide,N/A
Live At News,https://liveatnews.com/,Various,Various,Nationwide,N/A
LocalNewspaper.in,http://www.localnewspaper.in/,Various,Various,Nationwide,N/A
Lokmanthan,http://lokmanthan.epapersonline.com/,Various,Various,Nationwide,N/A
Lokmat,http://www.lokmat.com/,Various,Various,Nationwide,N/A
Loksatta,http://www.loksatta.com/,Various,Various,Nationwide,N/A
Loktej,http://www.loktej.com/,Various,Various,Nationwide,N/A
Madhyamam Daily,http://www.madhyamam.com/,Various,Various,Nationwide,N/A
Maharashtra News,http://www.mahanews.gov.in/,Various,Various,Nationwide,N/A
Maharashtra Times,http://maharashtratimes.indiatimes.com/,Various,Various,Nationwide,N/A
Mana Telangana,http://www.manatelangana.org/,Various,Various,Nationwide,N/A
Mangalam,http://www.mangalam.com/,Various,Various,Nationwide,N/A
Mangla Times,http://www.manglatimes.com/,Various,Various,Nationwide,N/A
Manipur Chronicle,http://www.manipurchronicle.net/,Various,Various,Nationwide,N/A
Manorama News,http://www.manoramanews.com/,Various,Various,Nationwide,N/A
Manorama Online,http://www.manoramaonline.com/,Various,Various,Nationwide,N/A
Sakal,http://www.esakal.com/,Various,Various,Nationwide,N/A
Marathwada Neta,http://www.marathwadaneta.com/,Various,Various,Nationwide,N/A
Marudhar Bulletin,https://marudharbulletin.in/,Various,Various,Nationwide,N/A
Mathrubhumi,http://www.mathrubhumi.com/,Various,Various,Nationwide,N/A
Media Darbar,http://www.mediadarbar.tv/,Various,Various,Nationwide,N/A
Media Newsline,http://www.medianewsline.com/,Various,Various,Nationwide,N/A
Media Plus News,http://www.mediaplusnews.com/,Various,Various,Nationwide,N/A
Mid-Day,http://www.mid-day.com/,Various,Various,Nationwide,N/A
The Milli Gazette,http://www.milligazette.com/,Various,Various,Nationwide,N/A
Mithila Samad,http://www.mithilasamad.blogspot.com/,Various,Various,Nationwide,N/A
The Mizoram Post,http://www.themizorampost.net/,Various,Various,Nationwide,N/A
The Morung Express,http://morungexpress.com/,Various,Various,Nationwide,N/A
MP News Now,https://www.mpnewsnow.com/,Various,Various,Nationwide,N/A
Munsif Daily,http://www.munsifdaily.com/,Various,Various,Nationwide,N/A
Muslims Duniya,https://www.muslimsduniya.com/,Various,Various,Nationwide,N/A
My CSR India,https://mycsrindia.com/,Various,Various,Nationwide,N/A
Naba Barta Prasanga,http://www.nababartaprasanga.com/,Various,Various,Nationwide,N/A
Nagaland Post,http://www.nagalandpost.com/,Various,Various,Nationwide,N/A
Naidunia,http://www.naidunia.com/,Various,Various,Nationwide,N/A
Namastey Telangana,https://www.ntnews.com/,Various,Various,Nationwide,N/A
Navajivan News,https://www.navajivan.in/,Various,Various,Nationwide,N/A
Nav Bharat Times,http://www.navbharattimes.com/,Various,Various,Nationwide,N/A
The Navhind Times,http://www.navhindtimes.com/,Various,Various,Nationwide,N/A
Naya India,http://www.nayaindia.com/,Various,Various,Nationwide,N/A
Neindia.com,http://www.neindia.com/,Various,Various,Nationwide,N/A
NewAge,https://www.livenewage.com/,Various,Various,Nationwide,N/A
The New Indian Express,http://www.newindianexpress.com/,Various,Various,Nationwide,N/A
NewsBazar24,https://www.newsbazar24.com/,Various,Various,Nationwide,N/A
NewsBytes,https://www.newsbytesapp.com/,Various,Various,Nationwide,N/A
The News India,http://www.thenewsindia.co.in/,Various,Various,Nationwide,N/A
News In Marathi,https://www.newsinmarathi.xyz/,Various,Various,Nationwide,N/A
The News International,http://www.thenewsinternational.com/,Various,Various,Nationwide,N/A
News Mag,http://www.newsmag.in/,Various,Various,Nationwide,N/A
News Nation,http://www.newsnation.in/,Various,Various,Nationwide,N/A
Newznew,https://www.newznew.com/,Various,Various,Nationwide,N/A
News Today,http://www.newstodaynet.com/,Various,Various,Nationwide,N/A
News Track,http://www.newstracklive.com/,Various,Various,Nationwide,N/A
News Wing,http://newswing.com/,Various,Various,Nationwide,N/A
Newstrack India,http://www.newstrackindia.com/,Various,Various,Nationwide,N/A
Nixs News,https://www.nixs.in/,Various,Various,Nationwide,N/A
Nobat,http://www.nobat.com/,Various,Various,Nationwide,N/A
The Northeast Today (TNT),http://www.thenortheasttoday.com/,Various,Various,Nationwide,N/A
Northlines,http://www.thenorthlines.com/,Various,Various,Nationwide,N/A
Odisha.Com,http://www.odisha.com/,Various,Various,Nationwide,N/A
Odisha News,http://www.odisha360.com/,Various,Various,Nationwide,N/A
Online Indian News,http://www.onlineindiannews.com/,Various,Various,Nationwide,N/A
Only Kashmir,http://www.onlykashmir.in/,Various,Various,Nationwide,N/A
Opinion Times,http://www.opiniontimes.in/,Various,Various,Nationwide,N/A
Orissa Barta,http://www.orissabarta.com/,Various,Various,Nationwide,N/A
Orissa India,http://www.orissaindia.com/,Various,Various,Nationwide,N/A
Outlook India,http://www.outlookindia.com/,Various,Various,Nationwide,N/A
Paliwal Wani,http://www.paliwalwani.com/,Various,Various,Nationwide,N/A
Palpal India,http://www.palpalindia.com/,Various,Various,Nationwide,N/A
Panchjanya,http://www.panchjanya.com/,Various,Various,Nationwide,N/A
Parabaas,http://www.parabaas.com/,Various,Various,Nationwide,N/A
Parichay Times Daily,http://www.parichaytimes.in/,Various,Various,Nationwide,N/A
Patna Daily,http://www.patnadaily.com/,Various,Various,Nationwide,N/A
Patrika.com,http://www.patrika.com/,Various,Various,Nationwide,N/A
Peoples Samachar,http://peoplessamachar.co.in/,Various,Various,Nationwide,N/A
Phayul,http://www.phayul.com/,Various,Various,Nationwide,N/A
Phulchhab,https://www.phulchhab.com/,Various,Various,Nationwide,N/A
The Pioneer,http://www.dailypioneer.com/,Various,Various,Nationwide,N/A
Prabha Sakshi,http://www.prabhasakshi.com/,Various,Various,Nationwide,N/A
Prabhat Khabar,http://www.prabhatkhabar.com/,Various,Various,Nationwide,N/A
Pragativadi,http://www.pragativadi.com/,Various,Various,Nationwide,N/A
Prag News,https://pragnews.com/,Various,Various,Nationwide,N/A
Prahaar,http://www.prahaar.in/,Various,Various,Nationwide,N/A
Prajasakti,http://www.prajasakti.com/,Various,Various,Nationwide,N/A
Prajavani Kannada Daily,http://www.prajavani.net/,Various,Various,Nationwide,N/A
Pratahkal,http://www.pratahkal.com/,Various,Various,Nationwide,N/A
ProKerala News,http://www.prokerala.com/,Various,Various,Nationwide,N/A
Public News,http://www.publicnewsindia.com/,Various,Various,Nationwide,N/A
Pudhari ePaper,http://www.pudhari.com/,Various,Various,Nationwide,N/A
Punalur News,http://www.punalurnews.com/,Various,Various,Nationwide,N/A
Pune Mirror,https://punemirror.indiatimes.com/,Various,Various,Nationwide,N/A
Punjab Infoline,http://www.punjabinfoline.com/,Various,Various,Nationwide,N/A
Punjab Kesari,http://www.punjabkesari.in/,Various,Various,Nationwide,N/A
Punjab News Channel,http://www.pnchannel.com/,Various,Various,Nationwide,N/A
Punjab Newsline,http://www.punjabnewsline.com/,Various,Various,Nationwide,N/A
Punjab Newsline,http://www.punjabnewsline.in/,Various,Various,Nationwide,N/A
Punjab Today,http://www.punjabtoday.in/,Various,Various,Nationwide,N/A
Punyanagari,http://www.epunyanagari.com/,Various,Various,Nationwide,N/A
Quami Ekta,http://www.quamiekta.com/,Various,Various,Nationwide,N/A
Quami Tanzeem,http://qaumitanzeem.com/,Various,Various,Nationwide,N/A
Rajasthan Patrika,http://www.rajasthanpatrika.com/,Various,Various,Nationwide,N/A
Rajdhani Samachar,https://rajdhanisamachar.in/,Various,Various,Nationwide,N/A
Rajmangal Times,http://www.rajmangal.com/,Various,Various,Nationwide,N/A
Ranchi Express,http://www.ranchiexpress.com/,Various,Various,Nationwide,N/A
Rashtriya Hindi Mail,http://www.epaper.rashtriyahindimail.in/,Various,Various,Nationwide,N/A
Rashtriya Sahara,http://www.roznamasahara.com/,Various,Various,Nationwide,N/A
Rising  Kashmir,http://www.risingkashmir.com/,Various,Various,Nationwide,N/A
RNews1,http://www.rnews1.com/,Various,Various,Nationwide,N/A
Rokthok Lekhani,https://www.rokthoklekhaninews.com/epaper/,Various,Various,Nationwide,N/A
Rozana Spokesman,http://www.rozanaspokesman.com/,Various,Various,Nationwide,N/A
The Sabha,http://www.thesabha.org/,Various,Various,Nationwide,N/A
Sach Kahoon,http://www.sachkahoon.com/,Various,Various,Nationwide,N/A
Saderatulhind,http://www.saderatulhind.com/,Various,Various,Nationwide,N/A
Sahafat,http://www.sahafat.in/,Various,Various,Nationwide,N/A
Sahara Samay,http://www.saharasamay.com/,Various,Various,Nationwide,N/A
Sahil Online,http://www.sahilonline.net/,Various,Various,Nationwide,N/A
Sakalam News,https://www.sakalam.in/,Various,Various,Nationwide,N/A
Sakshi Daily,http://www.sakshi.com/,Various,Various,Nationwide,N/A
Samachar.com,http://www.samachar.com/,Various,Various,Nationwide,N/A
Samachar Jagat,http://www.samacharjagat.com/,Various,Various,Nationwide,N/A
Samayik Prasanga,http://www.samayikprasanga.in/,Various,Various,Nationwide,N/A
The Samaj,http://www.thesamaja.com/,Various,Various,Nationwide,N/A
The Samaya,http://www.odishasamaya.com/,Various,Various,Nationwide,N/A
Sanchar,http://www.esanchar.co.in/,Various,Various,Nationwide,N/A
Sandesh,http://www.sandesh.com/,Various,Various,Nationwide,N/A
The Sangai Express,https://www.thesangaiexpress.com/,Various,Various,Nationwide,N/A
Sanjeevni Today,http://www.sanjeevnitoday.com/,Various,Various,Nationwide,N/A
Sanjevani,http://www.sanjevani.com/,Various,Various,Nationwide,N/A
Sansani,http://www.sansani.com/,Various,Various,Nationwide,N/A
Satyamanthan,https://satyamanthan.in/,Various,Various,Nationwide,N/A
Satyam Live,http://www.satyamlive.com/,Various,Various,Nationwide,N/A
Saurashtra Update,http://www.saurashtraupdate.in/,Various,Various,Nationwide,N/A
Savera India Times,http://www.saveraindiatimes.co.in/,Various,Various,Nationwide,N/A
Scoop News,http://www.scoopnews.in/,Various,Various,Nationwide,N/A
The Sentinel,http://www.sentinelassam.com/,Various,Various,Nationwide,N/A
Shahernama,http://shahernama.com/,Various,Various,Nationwide,N/A
The Shillong Times,http://www.theshillongtimes.com/,Various,Various,Nationwide,N/A
The Siasat Daily,http://www.siasat.com/,Various,Various,Nationwide,N/A
Sikh Virsa,http://www.sikhvirsa.com/,Various,Various,Nationwide,N/A
Sikkim Express,http://www.sikkimexpress.com/,Various,Various,Nationwide,N/A
Sitapur Live News,https://www.facebook.com/Shailendranews/,Various,Various,Nationwide,N/A
Soan Meeraas,http://www.soanmeeraas.in/,Various,Various,Nationwide,N/A
SP News,http://www.spnews.in/,Various,Various,Nationwide,N/A
The Sports Mirror,http://www.thesportsmirror.com/,Various,Various,Nationwide,N/A
State Times,http://www.statetimes.in/,Various,Various,Nationwide,N/A
The Statesman,http://www.thestatesman.net/,Various,Various,Nationwide,N/A
Sting Newz,http://www.stingnewz.com/,Various,Various,Nationwide,N/A
Suddi Online News,http://news.suddimahithi.com/,Various,Various,Nationwide,N/A
The Sunday Indian,http://www.thesundayindian.com/,Various,Various,Nationwide,N/A
Suryaa,https://www.suryaa.com/,Various,Various,Nationwide,N/A
Surya Telugu Daily,http://www.suryaa.com/,Various,Various,Nationwide,N/A
Suryoday Bharat,http://www.suryodaybharat.com/,Various,Various,Nationwide,N/A
Swatantraawaz.com,https://www.swatantraawaz.com/,Various,Various,Nationwide,N/A
Tarun Bharat,http://www.tarunbharat.com/,Various,Various,Nationwide,N/A
Tarunmitra,https://tarunmitra.in/,Various,Various,Nationwide,N/A
Tehelka,http://www.tehelka.com/,Various,Various,Nationwide,N/A
The Telegraph,http://www.telegraphindia.com/,Various,Various,Nationwide,N/A
Telugu Bullet,http://www.telugubullet.com/,Various,Various,Nationwide,N/A
Thatstamil.com,http://www.thatstamil.com,Various,Various,Nationwide,N/A
The Tibet Post International,http://www.thetibetpost.com/,Various,Various,Nationwide,N/A
Times of Assam,http://www.timesofassam.com/,Various,Various,Nationwide,N/A
The Times of Bengal,http://www.thetimesofbengal.com/,Various,Various,Nationwide,N/A
Times Of Congress,http://www.timesofcongress.com/,Various,Various,Nationwide,N/A
The Times of India,http://www.timesofindia.com/,Various,Various,Nationwide,N/A
Times of North,http://www.timesofnorth.in/,Various,Various,Nationwide,N/A
The Times of Punjab,http://www.thetimesofpunjab.com/,Various,Various,Nationwide,N/A
Today India,http://www.todayindia.com/,Various,Various,Nationwide,N/A
The Tribune,http://www.tribuneindia.com/,Various,Various,Nationwide,N/A
TwoCircles.net,http://www.twocircles.net/,Various,Various,Nationwide,N/A
UBG News,https://www.uttarbangergramunnayan.com/,Various,Various,Nationwide,N/A
Udaipur Kiran,http://www.udaipurkiran.com/,Various,Various,Nationwide,N/A
Udaipur Times,https://udaipurtimes.com/news-archive/,Various,Various,Nationwide,N/A
Udayavani,https://www.udayavani.com/,Various,Various,Nationwide,N/A
Updates Of Maharashtra,https://updatesofmaharashtra.com/,Various,Various,Nationwide,N/A
UpdateNews360,https://www.updatenews360.com/,Various,Various,Nationwide,N/A
Uttarakhand Hindi News,https://www.uttarakhandhindinews.in/,Various,Various,Nationwide,N/A
Uttarbanga Sambad,http://www.uttarbangasambad.com/,Various,Various,Nationwide,N/A
Vaartha Telugu Daily,http://www.vaartha.com/,Various,Various,Nationwide,N/A
VijayaKanataka,http://www.vijaykarnatakaepaper.com/,Various,Various,Nationwide,N/A
Vikatan,http://www.vikatan.com/,Various,Various,Nationwide,N/A
Visakha Samacharam,http://www.visakhasamacharam.com/,Various,Various,Nationwide,N/A
Vishva Kannada,http://www.vishvakannada.com/,Various,Various,Nationwide,N/A
Voice of Sikkim,http://www.voiceofsikkim.com/,Various,Various,Nationwide,N/A
Wadikiawaz,http://www.wadikiawaz.in/,Various,Various,Nationwide,N/A
Web Dunia,http://www.webdunia.com/,Various,Various,Nationwide,N/A
Web India,http://www.webindia123.com/,Various,Various,Nationwide,N/A
West Bengal News 24,https://www.westbengalnews24.com/,Various,Various,Nationwide,N/A
World Daily News 24,https://worlddailynews24.com/,Various,Various,Nationwide,N/A
World News Arabia,http://www.worldnewsarabia.com/,Various,Various,Nationwide,N/A
World Now,http://www.worldnow.in/,Various,Various,Nationwide,N/A
The Yam Times,http://www.theyamtimes.com/,Various,Various,Nationwide,N/A
Youth Ki Awaaz,http://www.youthkiawaaz.com/,Various,Various,Nationwide,N/A
Yugabdha,http://www.yugabda.com/,Various,Various,Nationwide,N/A
Yug Sambad Darpan,http://www.yugsambaddarpan.com/,Various,Various,Nationwide,N/A
Zee News,http://www.zeenews.com/,Various,Various,Nationwide,N/A
Zio Tamil,https://www.ziotamil.in/,Various,Various,Nationwide,N/A
Site Map,https://www.onlinenewspapers.com/sitemap/sitemapkey.shtml,Various,Various,Nationwide,N/A
Privacy Policy,https://www.onlinenewspapers.com/privacy.shtml,Various,Various,Nationwide,N/A
Add Newspaper,https://www.onlinenewspapers.com/emailform/feedback.php,Various,Various,Nationwide,N/A
Online Magazines,https://www.onlinenewspapers.com/magazines/index.shtml,Various,Various,Nationwide,N/A
Recent Additions,https://www.onlinenewspapers.com/most-recent-additions-to-onlinenewspapers.shtml,Various,Various,Nationwide,N/A
